Фамилия,Имя,Отчество,Название организации,Телефон (рабочий),Телефон личный (сотовый)
Иванов,Иван,а,"ООО ""Рога и копыта""",999-99-99,+7(999)999-99-99
Тестов1,Тест,Тестович,"ООО ""Тест""",111-11-11,+7(111)111-11-11
Тестов2,Тест,Тестович,"ООО ""Тест""",111-11-11,+7(111)111-11-11
Тестов3,Тест,Тестович,"ООО ""Тест""",111-11-11,+7(111)111-11-11
Тестов4,Тест,Тестович,"ООО ""Тест""",111-11-11,+7(111)111-11-11
Тестов5,Тест,Тестович,"ООО ""Тест""",111-11-11,+7(111)111-11-11
Тестов6,Тест,Тестович,"ООО ""Тест""",111-11-11,+7(111)111-11-11
Тестов7,Тест,Тестович,"ООО ""Тест""",111-11-11,+7(111)111-11-11
Тестов8,Тест,Тестович,"ООО ""Тест""",111-11-11,+7(111)111-11-11
Тестов9,Тест,Тестович,"ООО ""Тест""",111-11-11,+7(111)111-11-11
Иванов,Вася,Кузьмин,"ООО ""Рога и копыта""",999-99-99,+7(999)999-99-99
Иванов,ы,ы,ы,ы,ы
ы,ы,ы,ы,ы,ы
ф,ф,ыв,в,в,в
ы,в,а,а,ы,ы
s,d,d,f,d,d
s,s,s,s,s,s
